-- 1. TABELAS QUE NÃO TEM FK
INSERT INTO public.SERVIDOR (ID, NOME, META) VALUES 
(1, 'California', 1000),
(2, 'Texas', 800),
(3, 'New York', 1200);

INSERT INTO public.STATUS (ID, DESCRICAO) VALUES 
(1, 'Em aberto'),
(2, 'Fechado'),
(3, 'Em atendimento');

INSERT INTO public.PRIORIDADE (ID, DESCRICAO) VALUES 
(1, 'Pouco urgente'),
(2, 'Emergência');

INSERT INTO public.SEXO (ID, SEXO) VALUES 
(1, 'Masculino'),
(2, 'Feminino'),
(3, 'Não Informado');

INSERT INTO public.PREMIO (ID, PREMIO) VALUES 
(1, 'Tênis Autografado'),
(2, 'Ingresso VIP');

-- 2. TABELA PESSOA (RELACIONADO COM SEXO, E SERVIDORES)
INSERT INTO public.PESSOA (ID, NOME, ID_SEXO, CPF, TELEFONE, EMAIL, DATA_NASCIMENTO, ID_SERVIDOR) VALUES 
(1, 'LeBron James', 1, 11111111111, 11999999999, 'kingjames@lakers.com', '1984-12-30', 1),
(2, 'Stephen Curry', 1, 22222222222, 11988888888, 'chefcurry@warriors.com', '1988-03-14', 1),
(3, 'Kevin Durant', 1, 33333333333, 11977777777, 'easymoney@suns.com', '1988-09-29', 2),
(4, 'Michael Jordan', 1, 44444444444, 11966666666, 'mj23@bulls.com', '1963-02-17', 3),
(5, 'Kobe Bryant', 1, 55555555555, 11955555555, 'mamba@lakers.com', '1978-08-23', 1),
(6, 'Magic Johnson', 1, 66666666666, 11944444444, 'magic@lakers.com', '1959-08-14', 1);

-- 3. TABELA ATENDENTES (RELACIONADO COM PESSOA)
INSERT INTO public.ATENDENTES (ID, ID_PESSOA, CARGO, DATA_INICIO, DATA_FIM) VALUES 
(1, 4, 'Gerente Geral', '2020-01-01', NULL),
(2, 5, 'Atendente Senior', '2021-05-10', NULL),
(3, 6, 'Triagem', '2022-03-15', NULL);

-- 4. TABELA ATENDIMENTO (RELACIONADO COM PESSOA, ATENDENTE, STATUS, PRIORIDADE)
INSERT INTO public.ATENDIMENTO (ID, ID_PESSOA, ID_ATENDETENTE, ID_STATUS, ID_PRIORIDADE, DATA_CHEGADA, DATA_INICIO, DATA_FIM) VALUES 
(1, 1, 2, 2, 1, '2024-03-10', '2024-03-10', '2024-03-10'),
(2, 2, 3, 3, 2, '2024-03-11', '2024-03-11', NULL);

-- 5. TABELA AVALIACAO (RELACIONADA COM ATENDIMENTO)
INSERT INTO public.AVALIACAO (ID, ID_ATENDIMENTO, NOTA, OBSERVACOES) VALUES 
(1, 1, 5, 'Atendimento lendário e direto ao ponto.');

-- 6. TABELA AVALIACAO (RELACIONADA COM PREMIO E ATENDENTE)
INSERT INTO public.METAS_BATIDAS (ID, META_BATIDA, DATA_BATIDA, ID_PREMIO, ID_ATENDENTE) VALUES 
(1, '100% Satisfação', '2024-03-01', 2, 1);

-- 7. TABELA LOJA (RELACIONADA COM PREMIO, ATENDENTE)
INSERT INTO public.LOJA (id, ID_PREMIO, PRECO_RECOMPENSA, QUANTIDADE, ID_ATENDENTE, DATA_RETIRADA, DATA_ADICAO) VALUES 
(1, 1, 500.0, 10, NULL, NULL, '2024-01-01'),
(2, 2, 1500.0, 2, 2, '2024-03-12', '2024-01-01');
